<?xml version="1.0" encoding="UTF-8" standalone="no"?>
<!DOCTYPE properties SYSTEM "http://java.sun.com/dtd/properties.dtd">
<properties>
<!--   음료 CRUD를 위한 SQL 쿼리 목록 -->

    <entry key="selectAllDrinkList">
        SELECT
        DRK_CODE,
        DRK_NAME
        FROM DRINK
        ORDER BY CAST(SUBSTRING(DRK_CODE, 2) AS UNSIGNED) ASC
    </entry>

    <entry key="insertDrink">
        INSERT INTO DRINK
        (
        DRK_CODE,
        DRK_NAME,
        PRICE,
        IS_ZERO,
        COM_CODE,
        TYPE_CODE,
        EXP_DATE,
        DRK_SIZE
        )
        VALUES
        (
        ?,
        ?,
        ?,
        ?,
        ?,
        ?,
        ?,
        ?
        )
    </entry>

    <entry key="updateDrink">
        UPDATE DRINK
        SET
        DRK_NAME = ?,
        PRICE = ?,
        IS_ZERO = ?,
        COM_CODE = ?,
        TYPE_CODE = ?,
        EXP_DATE = ?,
        DRK_SIZE = ?
        WHERE DRK_CODE = ?
    </entry>

    <entry key="deleteDrink">
        DELETE FROM DRINK WHERE DRK_CODE = ?
    </entry>

    <entry key="selectLastDrinkCode">
        SELECT MAX(DRK_CODE) FROM DRINK
    </entry>

    <entry key="insertSell">
        INSERT INTO SELL
        (
        IS_AVA,
        DRK_CODE
        )
        VALUES
        (
        ?,
        ?
        )
    </entry>

    <entry key="selectDrinkCode">
        SELECT DRK_CODE
        FROM DRINK
        WHERE DRK_CODE = ?
    </entry>

    <entry key="selectSellDrinkList">
        SELECT
        SELL_CODE,
        IS_AVA,
        DRK_CODE
        FROM SELL
    </entry>

    <entry key="deleteSell">
        DELETE FROM SELL WHERE SELL_CODE = ?
    </entry>


</properties>